row_id	grade	notes
R001	CORRECT
R002	CORRECT
R003	CORRECT	added with more context, not sure if friends part was right or not
R004	CORRECT	added with more context, not sure if eng assignment part was right or not
R005	CORRECT	unique design is not descriptive but correct
R006	wrong
R007	CORRECT	can be considered correct to an extent
R008	wrong
R009	wrong
R010	wrong	specific date is mentioned, can be true due to the specific date algo we had
R011	CORRECT
R012	WRONG
R013	PARTIAL CORRECT	MISSES OUT READING
R014	WRONG
R015	WRONG
R016	WRONG
R017	CORRECT
R018	WRONG
R019	WRONG
R020	PARTIAL CORRECT	MISSES OUT TWO
R021
R022	WRONG
R023	CORRECT
R024	WRONG
R025	WRONG
R026	WRONG - OR PARTIAL
R027	CORRECT
R028	CORRECT
R029	CORRECT
R030	CORRECT
R031	CORRECT - OR PARTIAL
R032	PARTIAL
R033	CORRECT - OR PARTIAL
R034	PARTIAL -CAN BE CORRECT
R035	CORRECT
R036	CORRECT
R037	PARTIAL - DETAILS MISSING
R038	WRONG
R039	CORRECT
R040	WRONG
R041	WRONG
R042	PARTIAL
R043	CORRECT
R044	WRONG
R045	CORRECT
R046	PARTIAL
R047	CORRECT - MISSING DETAILS
R048	CORRECT AND SPECIFIC
R049	WRONG
R050	CORRECT
R051	CORRECT - MISSING DETAILS
R052	WRONG
R053	PARTIAL
R054	WRONG
R055	CORRECT
R056	WRONG
R057	CORRECT
R058	CORRECT
R059	WRONG
R060	CORRECT
R061	CORRECT
R062	CORRECT
R063	WRONG
R064	PARTIAL
R065	WRONG
R066	WRONG
R067	CORRECT
R068	WRONG
R069	CORRECT AND SPECIFIC
R070	PARTIAL
R071	CORRECT
R072	WRONG
R073	CORRECT
R074	CORRECT - PARTIAL
R075	WRONG
R076	WRONG - OR PARTIAL
R077	CORRECT
R078	CORRECT
R079	WRONG
R080	CORRECT
R081	CORRECT
R082	CORRECT - NOT SPECIFIC
R083	PARTIAL
R084	CORRECT
R085	PARTIAL
R086	PARTIAL BUT WRONG
R087	CORRECT - NOT SPECIFIC
R088	CAN BE CORRECT
R089	CORRECT
R090	PARTIAL
R091	CORRECT - PARTIAL
R092	CORRECT
R093	PARTIAL
R094	WRONG
R095	WRONG
R096	CORRECT
R097	PARTIAL
R098	CLOSE WRONG
R099	PARTIAL - DIFFERENT WORDING
R100	CORRECT - PARTIAL
R101	PROBABLE CORRECT. PARTIAL
R102	WRONG
R103	CORRECT
R104	WRONG
R105	WRONG
R106	CORRECT
R107	WRONG
R108	CORRECT
R109	WRONG
R110	WRONG
R111	PARTIAL
R112	CORRECT
R113	WRONG
R114	CORRECT
R115	WRONG
R116	CORRECT BUT PARTIAL
R117	WRONG
R118	CORRECT
R119	WRONG
R120	CORRECT
R121	CORRECT
R122	PARTIAL
R123	WRONG
R124	WRONG
R125	CORRECT
R126	WRONG
R127	WRONG
R128	CWRONG
R129	WRONG
R130	WRONG
R131	WRONG
R132	CORRECT
R133	WRONG
R134	WRONG
R135	WRONG
R136	WRONG
R137	WRONG
R138	WRONG
R139	WRONG
R140	WRONG
R141	CORRECT
R142	WRONG
R143	CORRECT
R144	CORRECT
R145	CORRECT
R146	CORRECT - PARTIAL
R147	WRONG
R148	WRONG
R149	CORRECT
R150	WRONG
R151	CORRECT
R152	WRONG
R153	CORRECT
R154	CORRECT
R155	CORRECT - PARTIAL
R156	CORRECT - DIFF WORDING
R157	PARTIAL
R158	WRONG
R159	WRONG
R160	CORRECT
R161	CORRECT - MAYBE RIGHT ON SPECIFICS
R162	CORRECT
R163	CORRECT - MAYBE RIGHT ON SPECIFICS
R164	CORRECT - PARTIALLY DIFF WORDING
R165	WRONG
R166	WRONG
R167	WRONG
R168	WRONG
R169	CORRECT
R170	CORRECT
R171	WRONG
R172	CORRECT - MISSING DETAILS
R173	CORRECT
R174	MAYBE CORRECT
R175	CORRECT, TOBY IS WRONG PROBABLY
R176	WRONG
R177	CORRECT
R178	WRONG
R179	WRONG
R180	CORRECT - MAYBE RIGHT ON SPECIFICS
R181	WRONG
R182	CORRECT
R183	WRONG
R184	CORRECT - MISSING DETAILS
R185	WRONG
R186	CORRECT
R187	CORRECT - MISSING DETAILS, NOT SURE ON DATES
R188	CORRECT
R189	CORRECT
R190	WRONG
R191	CORRECT
R192	CORRECT
R193	CORRECT
R194	WRONG
R195	WRONG
R196	CORRECT - MAYBE RIGHT ON SPECIFICS
R197	WRONG
R198	CORRECT
R199	WRONG
R200	WRONG
R201	CORRECT
R202	WRONG
R203	WRONG
R204	CORRECT - MISSING DETAILS
R205	WRONG
R206	CORRECT
R207	CORRECT
R208	WRONG
R209	WRONG
R210	CORRECT - MISSING SPECIFICS
R211	WRONG
R212	CORRECT
R213	CORRECT
R214	CORRECT
R215	CORRECT
R216	WRONG
R217	CORRECT
R218	WRONG
R219	CORRECT
R220	CORRECT
R221	PARTIAL CORRECT
R222	WRONG
R223	CWRONG
R224	CORRECT
R225	WRONG
R226	CORRECT
R227	CORRECT
R228	CORRECT
R229	WRONG
R230	WRONG
R231	CORRECT
R232	WRONG
R233	CORRECT - NOT SPECIFIC AND MISSING DETAILS
R234	CORRECT
R235	CORRECT
R236	CORRECT - MISSING DETAILS
R237	WRONG
R238	CORRECT
R239	WRONG
R240	WRONG
R241	CORRECT- CAN BE SAID
R242	WRONG
R243	CORRECT
R244	CORRECT
R245	CORRECT
R246	WRONG
R247	WRNG
R248	WRONG
R249	CORRECT
R250	CORRECT
R251	WRONG
R252	CLOSE WRONG
R253	CORRECT
R254	CORRECT
R255	WRONG
R256	CORRECT
R257	CORRECT
R258	CORRECT
R259	CORRECT
R260	CORRECT
R261	WRONG
R262	WRONG
R263	CORRECT
R264	WRONG
R265	CORRECT
R266	WRONG - OR PARTIAL
R267	WRONG - BUT ON THE SAME LINES, MISSING DETAILS
R268	CORRECT - MISSING DETAILS
R269	CORRECT
R270	CORRECT - BUT TOO SPECIFIC MIGHT BE WRONG
R271	CORRECT - MISSING DETAILS
R272	WRONG
R273	CORRECT
R274	WRONG
R275	CORRECT
R276	CORRECT - BUT MISSING DETAILS
R277	CORRECT
R278	WRONG
R279	CORRECT
R280	CORRECT - BUT MISSING DETAILS
R281	WRONG
R282	CORRECT
R283	CORRECT
R284	WRONG - BUT MIGHT BE TRUE
